{
    "430 Spencerport Road, Rochester": [
        43.17011050000001,
        -77.7006917
    ],
    "3535 Mount Read Boulevard, Rochester": [
        43.223224,
        -77.6596581
    ],
    "1431 Mount Hope Avenue, Rochester": [
        43.1221418,
        -77.6191552
    ],
    "453 West Commercial Street, East Rochester": [
        43.1165452,
        -77.49609439999999
    ],
    "605 Titus Avenue, Rochester": [
        43.21011399999999,
        -77.600342
    ],
    "2970 West Henrietta Road, Rochester": [
        43.0934841,
        -77.6326407
    ],
    "822 Lake Avenue, Rochester": [
        43.18028049999999,
        -77.6309703
    ],
    "1792 North Goodman Street, Rochester": [
        43.188203,
        -77.575797
    ],
    "1315 Chili Avenue, Rochester": [
        43.13804770000001,
        -77.6705229
    ],
    "1375 Hudson Avenue, Rochester": [
        43.1913046,
        -77.6002941
    ],
    "2100 Monroe Avenue, Rochester": [
        43.1238494,
        -77.5609233
    ],
    "1659 Penfield Road, Rochester": [
        43.1325357,
        -77.4921523
    ],
    "720 East Ridge Road, Rochester": [
        43.19669859999999,
        -77.59956609999999
    ],
    "2100 East Ridge Road, Irondequoit": [
        43.2041318,
        -77.561253
    ],
    "1650 Elmwood Avenue, Rochester": [
        43.1261488,
        -77.5934256
    ],
    "3240 Chili Avenue, Rochester": [
        43.1059247,
        -77.7521897
    ],
    "185 Winton Road North, Rochester": [
        43.14917699999999,
        -77.5541501
    ],
    "1900 South Clinton Avenue, Rochester": [
        43.1198268,
        -77.5934472
    ],
    "1490 Lake Avenue, Rochester": [
        43.1936543,
        -77.6280134
    ],
    "4200 West Henrietta Road, Rochester": [
        43.0684976,
        -77.64591829999999
    ]
}