{
    "200 Warner St, Rochester": [
        43.1689428,
        -77.6444066
    ],
    "849 Jefferson Ave, Rochester": [
        43.1378131,
        -77.6290839
    ],
    "580 Jefferson Ave, Rochester": [
        43.1433733,
        -77.62886309999999
    ],
    "348 Thurston Rd, Rochester": [
        43.1380965,
        -77.650836
    ],
    "129 Curlew St, Rochester": [
        43.1741191,
        -77.6485354
    ],
    "456 Thurston Rd #464, Rochester": [
        43.1357551,
        -77.65070089999999
    ],
    "431 Chili Ave, Rochester": [
        43.1460606,
        -77.64809989999999
    ],
    "655 University Ave, Rochester": [
        43.1557092,
        -77.5851608
    ],
    "1726 Long Pond Rd, Rochester": [
        43.1791849,
        -77.70121069999999
    ],
    "959 Chili Ave, Rochester": [
        43.1415111,
        -77.6616987
    ],
    "1051 Bay St, Rochester": [
        43.1712729,
        -77.56488929999999
    ],
    "1809 Penfield Rd, Penfield": [
        43.1294984,
        -77.4767894
    ],
    "1160 N Clinton Ave, Rochester": [
        43.1804863,
        -77.6135046
    ],
    "1286 Dewey Ave, Rochester": [
        43.1899592,
        -77.6386297
    ],
    "837 Lake Ave, Rochester": [
        43.1806117,
        -77.6322019
    ],
    "691 Bay St, Rochester": [
        43.1710719,
        -77.5748698
    ],
    "117 N Clinton Ave, Rochester": [
        43.1596716,
        -77.6075542
    ],
    "72 St Paul St, Rochester": [
        43.1582458,
        -77.6093616
    ],
    "1004 St Paul St, Rochester": [
        43.1738332,
        -77.6236469
    ],
    "1430 N Clinton Ave, Rochester": [
        43.186084,
        -77.6134558
    ],
    "Hall A Level, Greenleaf Ct, Rochester": [
        43.08484199999999,
        -77.6674045
    ],
    "677 Monroe Ave, Rochester": [
        43.1442422,
        -77.58990589999999
    ],
    "519 Merchants Rd, Rochester": [
        43.1633488,
        -77.55531479999999
    ],
    "890 Monroe Ave, Rochester": [
        43.1419484,
        -77.5850481
    ],
    "467 Denise Rd, Rochester": [
        43.2415576,
        -77.6292881
    ],
    "5152 E River Rd, West Henrietta": [
        43.0404245,
        -77.69618539999999
    ],
    "848 Joseph Ave, Rochester": [
        43.1802922,
        -77.6077641
    ],
    "1013 S Plymouth Ave, Rochester": [
        43.13737980000001,
        -77.62565599999999
    ],
    "1364 Dewey Ave, Rochester": [
        43.19131549999999,
        -77.6386112
    ],
    "1435 N Goodman St, Rochester": [
        43.1812473,
        -77.576213
    ],
    "1404 Norton St, Rochester": [
        43.18761809999999,
        -77.58432479999999
    ],
    "3366 Latta Rd Suite 2, Rochester": [
        43.253623,
        -77.714725
    ],
    "176 Genesee St, Rochester": [
        43.1467192,
        -77.6359286
    ],
    "7375, 1129 Hudson Ave # 2, Rochester": [
        43.1861975,
        -77.5997503
    ],
    "550 East Avenue, Rochester": [
        43.1545387,
        -77.5895791
    ],
    "900 East Avenue, Rochester": [
        43.1528123,
        -77.5802521
    ],
    "99 Court Street, Rochester": [
        43.153305,
        -77.60813069999999
    ],
    "1 Manhattan Square Drive, Rochester": [
        43.1525482,
        -77.601629
    ],
    "186 Cumberland Street, Rochester": [
        43.1625457,
        -77.608516
    ],
    "26 Gibbs Street, Rochester": [
        43.1577219,
        -77.60136779999999
    ],
    "320 Central Avenue, Rochester": [
        43.1635068,
        -77.6081859
    ],
    "601 Elmwood Avenue, Rochester": [
        43.1220471,
        -77.622466
    ],
    "1000 South Avenue, Rochester": [
        43.1355317,
        -77.605817
    ],
    "2678 Dewey Ave, Greece": [
        43.2178608,
        -77.6407952
    ],
    "2360 W Henrietta Rd, Rochester": [
        43.10395339999999,
        -77.6274528
    ],
    "34 S Union St, Rochester": [
        43.1541281,
        -77.59743689999999
    ]
}