{
    "285 E Main St, Rochester": [
        43.1572634,
        -77.60516799999999
    ],
    "155 Monroe Ave, Rochester": [
        43.1507717,
        -77.6014975
    ],
    "1991 Empire Blvd, Webster": [
        43.1944686,
        -77.502146
    ],
    "1425 Jefferson Rd #2, Rochester": [
        43.0864612,
        -77.5917853
    ],
    "722 Winton Rd N, Rochester": [
        43.1593097,
        -77.5475438
    ],
    "324 Jefferson Rd, Rochester": [
        43.0920884,
        -77.6490855
    ],
    "8053 Pittsford Victor Rd, Victor": [
        43.0342692,
        -77.4451436
    ],
    "900 Jefferson Rd Suite 902, Rochester": [
        43.0904413,
        -77.6128956
    ],
    "532 Chili Ave, Rochester": [
        43.1459285,
        -77.6507041
    ],
    "420 Jefferson Rd Suite 2, Rochester": [
        43.0906789,
        -77.6422596
    ],
    "556 Jefferson Rd, Rochester": [
        43.08770759999999,
        -77.630299
    ],
    "439 Monroe Ave, Rochester": [
        43.147151,
        -77.5952702
    ],
    "2137 Five Mile Line Rd, Penfield": [
        43.1289012,
        -77.4762812
    ],
    "684 South Ave, Rochester": [
        43.142178,
        -77.60425599999999
    ],
    "2227 Clifford Ave, Rochester": [
        43.17609239999999,
        -77.56159559999999
    ],
    "30 Franklin Ct, Rochester": [
        43.159144,
        -77.605744
    ],
    "106 N Main St, Fairport": [
        43.104687,
        -77.4417126
    ],
    "1 East Ave Suite 575, Rochester": [
        43.157205,
        -77.60429599999999
    ],
    "74 Lake Ave, Rochester": [
        43.1661183,
        -77.62399309999999
    ],
    "1900 Empire Blvd, Webster": [
        43.1914107,
        -77.5007162
    ],
    "453 Lyell Ave, Rochester": [
        43.1645306,
        -77.63909799999999
    ],
    "1405 Dewey Ave, Rochester": [
        43.1924742,
        -77.6392443
    ],
    "2284 Lyell Ave, Rochester": [
        43.1649694,
        -77.6876489
    ],
    "2519 E Henrietta Rd, Rochester": [
        43.0707156,
        -77.6079999
    ],
    "622 Park Ave, Rochester": [
        43.1487106,
        -77.57895839999999
    ],
    "1900 S Clinton Ave, Rochester": [
        43.120386,
        -77.5928272
    ],
    "1250 University Ave, Rochester": [
        43.1515189,
        -77.56877890000001
    ],
    "143 Pattonwood Dr, Rochester": [
        43.2476134,
        -77.6056182
    ],
    "143 N Main St, Fairport": [
        43.1060359,
        -77.4424946
    ],
    "2308 Culver Rd, Rochester": [
        43.1887707,
        -77.5607232
    ],
    "1277 Chili Ave, Rochester": [
        43.1385559,
        -77.66930529999999
    ],
    "2376 Lyell Ave Ste 7, Rochester": [
        43.1658631,
        -77.6901898
    ],
    "14 Courtney Dr, Fairport": [
        43.0681123,
        -77.4378985
    ],
    "418 Lyell Ave, Rochester": [
        43.1647749,
        -77.6368384
    ],
    "765 Spencerport Rd, Rochester": [
        43.171179,
        -77.70988899999999
    ],
    "4441 Culver Rd, Rochester": [
        43.229823,
        -77.5459084
    ],
    "3721 Dewey Ave, Rochester": [
        43.2382091,
        -77.64727529999999
    ],
    "630 W Ridge Rd, Rochester": [
        43.2029585,
        -77.6432616
    ],
    "4424 Dewey Ave, Rochester": [
        43.25214,
        -77.6457501
    ],
    "1035 Culver Rd, Rochester": [
        43.1640424,
        -77.5642261
    ],
    "2852 W Henrietta Rd, Rochester": [
        43.0942455,
        -77.63233199999999
    ],
    "892 N Clinton Ave, Rochester": [
        43.1753226,
        -77.61287779999999
    ],
    "3892 Scottsville Rd #5, Scottsville": [
        43.0293088,
        -77.74093289999999
    ],
    "257 Bay St, Rochester": [
        43.1707353,
        -77.58721059999999
    ],
    "300 Hylan Dr #4216, Rochester": [
        43.0852503,
        -77.62741559999999
    ],
    "1720 Monroe Ave, Rochester": [
        43.1300572,
        -77.56806259999999
    ],
    "3349 Monroe Ave, Rochester": [
        43.1011155,
        -77.5383841
    ],
    "1667 East Ave, Rochester": [
        43.1462784,
        -77.559924
    ],
    "650 Hylan Dr Suite B, Rochester": [
        43.0827543,
        -77.627821
    ],
    "373 Park Ave, Rochester": [
        43.1495663,
        -77.58586989999999
    ],
    "2255 East Ridge Road, Rochester": [
        43.2027255,
        -77.56126379999999
    ],
    "1620 Penfield Rd, Rochester": [
        43.134773,
        -77.4939468
    ],
    "2300 E Main St Suite 3, Rochester": [
        43.1595305,
        -77.5490708
    ],
    "1227 Ridgeway Ave, Rochester": [
        43.1937283,
        -77.6640371
    ],
    "657 Pittsford Victor Rd, Pittsford": [
        43.0613065,
        -77.4775532
    ],
    "1376 Lyell Ave, Rochester": [
        43.1650985,
        -77.6617612
    ],
    "258 Winton Rd N, Rochester": [
        43.1504156,
        -77.5524082
    ],
    "662 W Ridge Rd, Rochester": [
        43.2027001,
        -77.64424199999999
    ],
    "2512 Ridgeway Ave, Rochester": [
        43.1881937,
        -77.7001231
    ],
    "2933 W Henrietta Rd, Rochester": [
        43.093259,
        -77.63395299999999
    ],
    "2107 Buffalo Rd, Rochester": [
        43.1466244,
        -77.7068058
    ],
    "527 E Main St, Rochester": [
        43.1587751,
        -77.5983596
    ],
    "812 Dewey Ave, Rochester": [
        43.1801259,
        -77.639144
    ],
    "1684 St Paul St, Rochester": [
        43.186818,
        -77.6219436
    ],
    "1400 Hudson Ave, Rochester": [
        43.1914194,
        -77.5994344
    ],
    "2599 E Henrietta Rd, Rochester": [
        43.0697385,
        -77.6086471
    ],
    "791 Jay St, Rochester": [
        43.15924589999999,
        -77.64194909999999
    ],
    "746 Monroe Ave, Rochester": [
        43.1434875,
        -77.58771109999999
    ],
    "3259 S Winton Rd, Rochester": [
        43.088754,
        -77.58274999999999
    ],
    "495 South Ave, Rochester": [
        43.1461794,
        -77.60570659999999
    ],
    "420 W Commercial St, East Rochester": [
        43.1154452,
        -77.49528049999999
    ],
    "2535 E Henrietta Rd, Rochester": [
        43.0703603,
        -77.6079109
    ],
    "270 Smith St, Rochester": [
        43.1645554,
        -77.6234851
    ]
}