{
    "2458 East Ridge Road, Rochester": [
        43.20502,
        -77.551299
    ],
    "1080 Penfield Rd, Rochester": [
        43.1355742,
        -77.5056579
    ],
    "3498 Chili Ave, Rochester": [
        43.0954078,
        -77.77329979999999
    ],
    "741 Five Mile Line Rd, Webster": [
        43.2240965,
        -77.4762751
    ],
    "161 Marsh Rd, Pittsford": [
        43.0973925,
        -77.4851336
    ],
    "80 Gates Greece Townline Rd #3442, Rochester": [
        43.1797257,
        -77.70894559999999
    ],
    "2780 Dewey Ave, Rochester": [
        43.2198473,
        -77.6407705
    ],
    "51 Probst Rd, Pittsford": [
        43.0272417,
        -77.4923246
    ],
    "2317 Scottsville Rd, Scottsville": [
        43.0623871,
        -77.71149419999999
    ],
    "1340 Five Mile Line Rd, Webster": [
        43.1841056,
        -77.47434249999999
    ],
    "80-106 Gates Greece Townline Rd, Rochester": [
        43.17944600000001,
        -77.7090374
    ],
    "1435 Westfall Rd, Rochester": [
        43.115269,
        -77.5803662
    ],
    "805 Mile Square Rd, Pittsford": [
        43.023083,
        -77.4907822
    ],
    "163 Burritt Rd, Hilton": [
        43.2730581,
        -77.76578719999999
    ],
    "1416 Creek St, Rochester": [
        43.1777091,
        -77.5024929
    ],
    "280 Union St N, Rochester": [
        43.1653493,
        -77.58851949999999
    ],
    "1530 Maiden Ln, Rochester": [
        43.224288,
        -77.6834488
    ],
    "20 1st St, Rochester": [
        43.1667718,
        -77.58772189999999
    ],
    "831 Genesee St, Rochester": [
        43.1342,
        -77.63686469999999
    ]
}