{
    "100 Marketplace Dr Ste 200, Rochester": [
        43.086487,
        -77.623232
    ],
    "3070 W Henrietta Rd, Rochester": [
        43.0904284,
        -77.6344206
    ],
    "1100 Jefferson Rd, Rochester": [
        43.08775869999999,
        -77.60793269999999
    ],
    "987 Ridge Rd, Webster": [
        43.2083684,
        -77.4592459
    ],
    "1115 East Ridge Road, Rochester": [
        43.1962665,
        -77.5854255
    ],
    "1000 East Ridge Road, Rochester": [
        43.1975246,
        -77.5909221
    ],
    "1550 Mt Hope Ave, Rochester": [
        43.1199366,
        -77.6193998
    ],
    "566 Jefferson Rd, Rochester": [
        43.0875956,
        -77.6290914
    ],
    "744 E Main St, Rochester": [
        43.1605344,
        -77.5924726
    ],
    "1175 East Ridge Road, Irondequoit": [
        43.1970807,
        -77.585602
    ],
    "775 Panorama Trail S, Rochester": [
        43.129825,
        -77.49585569999999
    ],
    "4747 W Henrietta Rd, Henrietta": [
        43.0582922,
        -77.6529711
    ],
    "2140 W Ridge Rd, Greece": [
        43.2084211,
        -77.68461359999999
    ],
    "541 Lake Ave, Rochester": [
        43.1747407,
        -77.6302099
    ],
    "2317 Lyell Ave, Rochester": [
        43.1644516,
        -77.69061669999999
    ],
    "683 Lake Ave, Rochester": [
        43.17711329999999,
        -77.6313863
    ],
    "1881 Monroe Ave, Rochester": [
        43.1268086,
        -77.56596689999999
    ],
    "3050 Winton Rd, Rochester": [
        43.0941182,
        -77.58115839999999
    ],
    "945 Jefferson Rd, Rochester": [
        43.0867877,
        -77.614261
    ],
    "1360 Mt Hope Ave, Rochester": [
        43.12342820000001,
        -77.6178115
    ],
    "1422-32 Mt Hope Ave, Rochester": [
        43.1218014,
        -77.6185826
    ],
    "1780 Mt Hope Ave, Rochester": [
        43.1152404,
        -77.6217779
    ],
    "3644 Dewey Ave, Greece": [
        43.2370988,
        -77.6464017
    ],
    "1450 Lyell Ave, Rochester": [
        43.1651158,
        -77.66257209999999
    ],
    "1495 East Ridge Road, Rochester": [
        43.19860389999999,
        -77.5775261
    ],
    "1847 W Ridge Rd, Rochester": [
        43.2064842,
        -77.6783913
    ],
    "560 Lyell Ave, Rochester": [
        43.1648859,
        -77.6465982
    ],
    "820 Culver Rd, Rochester": [
        43.160084,
        -77.5658564
    ],
    "245 Clay Rd, Rochester": [
        43.0867321,
        -77.6180897
    ],
    "640 Jefferson Rd, Rochester": [
        43.0875819,
        -77.6254081
    ],
    "1844 East Ave, Rochester": [
        43.1455685,
        -77.5546315
    ],
    "999 East Ridge Road, Rochester": [
        43.1967824,
        -77.5904706
    ]
}