{
    "892 Portland Ave, Rochester": [
        43.1821971,
        -77.5863949
    ],
    "Door A (Temple B'rith Kodesh, 2131 Elmwood Ave, Rochester": [
        43.1248425,
        -77.5797903
    ],
    "4 Meigs St, Rochester": [
        43.1537677,
        -77.5902404
    ],
    "1111 Joseph Ave, Rochester": [
        43.1856774,
        -77.60865059999999
    ],
    "11 Nester St #3, Rochester": [
        43.1887605,
        -77.6077391
    ],
    "287 Flower City Park, Rochester": [
        43.1922132,
        -77.63256129999999
    ],
    "555 Ave D, Rochester": [
        43.1803949,
        -77.608498
    ],
    "168 Spencerport Rd, Rochester": [
        43.1682015,
        -77.6950447
    ],
    "1618 Jackson Rd, Penfield": [
        43.1646785,
        -77.449367
    ],
    "Next to Greece Police Substation, 500 Maiden Ln, Rochester": [
        43.22583849999999,
        -77.65600189999999
    ],
    "48 Cameron St, Rochester": [
        43.1656605,
        -77.6394933
    ],
    "316 Bay St, Rochester": [
        43.1711724,
        -77.58527769999999
    ],
    "10 Cedarfield Commons, Rochester": [
        43.2655282,
        -77.6955153
    ],
    "414 Lexington Ave, Rochester": [
        43.1796056,
        -77.6413108
    ],
    "915 N Clinton Ave, Rochester": [
        43.1755213,
        -77.6134524
    ],
    "1 Grove St, Pittsford": [
        43.0962656,
        -77.5165713
    ],
    "1010 East Ave, Rochester": [
        43.151233,
        -77.5769813
    ],
    "1 Mt Hope Ave, Rochester": [
        43.14903280000001,
        -77.60663129999999
    ],
    "333 E Chestnut St, East Rochester": [
        43.11227050000001,
        -77.4768663
    ],
    "2011 Mt Read Blvd, Rochester": [
        43.1914335,
        -77.66034320000001
    ],
    "815 Park Ave, Rochester": [
        43.1469507,
        -77.5742951
    ],
    "113 Kimball Dr, Rochester": [
        43.0827412,
        -77.6830162
    ],
    "341 North St, Rochester": [
        43.1642088,
        -77.6017762
    ],
    "2841 Culver Rd, Rochester": [
        43.1998185,
        -77.56233499999999
    ],
    "506 W Broad St, Rochester": [
        43.1569913,
        -77.6240274
    ],
    "5000 Mt Read Blvd, Rochester": [
        43.2513303,
        -77.6579325
    ],
    "*(mailing: POB 11031, 681 Brown St, Rochester": [
        43.1520085,
        -77.63301919999999
    ],
    "1686 Norton St, Rochester": [
        43.1878594,
        -77.576664
    ],
    "28 Lawn St, Rochester": [
        43.155832,
        -77.6008452
    ],
    "1101 Norton St, Rochester": [
        43.1869182,
        -77.59321
    ],
    "4292 Lake Ave, Rochester": [
        43.2487042,
        -77.6150084
    ],
    "70 Liberty Pole Way, Rochester": [
        43.1587801,
        -77.6042633
    ],
    "101 S Plymouth Ave, Rochester": [
        43.1529488,
        -77.61479969999999
    ],
    "2710 Chili Ave, Rochester": [
        43.123002,
        -77.7103564
    ]
}