{
    "3349 Monroe Avenue, Rochester": [
        43.1025054,
        -77.5416475
    ],
    "1750 East Avenue, Rochester": [
        43.146176,
        -77.55602999999999
    ],
    "650 Hylan Drive, Rochester": [
        43.083103,
        -77.627479
    ],
    "400 Lake Avenue, Rochester": [
        43.1717856,
        -77.62700199999999
    ],
    "3333 West Henrietta Road, Rochester": [
        43.0875417,
        -77.6435201
    ],
    "915 Ridge Road, Webster": [
        43.2068806,
        -77.46582000000001
    ],
    "1955 Empire Boulevard, Webster": [
        43.193307,
        -77.504789
    ],
    "571 South Avenue, Rochester": [
        43.1442814,
        -77.6053092
    ],
    "525 Titus Avenue, Rochester": [
        43.20859,
        -77.602952
    ],
    "2208 Penfield Road, Penfield": [
        43.1312587,
        -77.4383947
    ],
    "450 West Avenue, Rochester": [
        43.1510497,
        -77.6510948
    ],
    "285 Upper Falls Boulevard, Rochester": [
        43.1698943,
        -77.6096664
    ],
    "3047 West Henrietta Road, Rochester": [
        43.09126029999999,
        -77.63609199999999
    ],
    "615 Jefferson Road, Rochester": [
        43.08633109999999,
        -77.6272473
    ],
    "3177 Latta Road, Rochester": [
        43.252136,
        -77.698183
    ],
    "1175 Marketplace Drive, Rochester": [
        43.0804418,
        -77.626044
    ],
    "1885 Brighton Henrietta Town Line Road, Rochester": [
        43.0938148,
        -77.6276626
    ],
    "1200 University Avenue, Rochester": [
        43.1521005,
        -77.5691557
    ],
    "1601 Penfield Road, Rochester": [
        43.1333333,
        -77.4972222
    ],
    "3701 Mount Read Boulevard, Rochester": [
        43.226222,
        -77.660592
    ],
    "Rochester": [
        43.15657789999999,
        -77.6088465
    ],
    "125 East Main Street, Rochester": [
        43.1564621,
        -77.60823409999999
    ],
    "33 Corporate Woods, Rochester": [
        43.1064742,
        -77.6200447
    ],
    "1000 Genesee Street, Rochester": [
        43.1303679,
        -77.63560199999999
    ],
    "280 Clay Road, Rochester": [
        43.085704,
        -77.617119
    ],
    "800 Jefferson Road, Rochester": [
        43.087844,
        -77.61621699999999
    ],
    "1323 East Ridge Road, Rochester": [
        43.1974009,
        -77.58172549999999
    ],
    "1000 Linden Park, Rochester": [
        43.1261806,
        -77.4983208
    ]
}