{
    "3349 Monroe Avenue, Rochester": [
        43.1025054,
        -77.5416475
    ],
    "1750 East Avenue, Rochester": [
        43.146176,
        -77.55602999999999
    ],
    "650 Hylan Drive, Rochester": [
        43.083103,
        -77.627479
    ],
    "400 Lake Avenue, Rochester": [
        43.1717856,
        -77.62700199999999
    ],
    "3333 West Henrietta Road, Rochester": [
        43.0875417,
        -77.6435201
    ],
    "915 Ridge Road, Webster": [
        43.2068806,
        -77.46582000000001
    ],
    "1955 Empire Boulevard, Webster": [
        43.193307,
        -77.504789
    ],
    "571 South Avenue, Rochester": [
        43.1442814,
        -77.6053092
    ],
    "525 Titus Avenue, Rochester": [
        43.20859,
        -77.602952
    ],
    "2208 Penfield Road, Penfield": [
        43.1312587,
        -77.4383947
    ],
    "450 West Avenue, Rochester": [
        43.1510497,
        -77.6510948
    ],
    "285 Upper Falls Boulevard, Rochester": [
        43.1698943,
        -77.6096664
    ],
    "3047 West Henrietta Road, Rochester": [
        43.09126029999999,
        -77.63609199999999
    ],
    "615 Jefferson Road, Rochester": [
        43.08633109999999,
        -77.6272473
    ],
    "3177 Latta Road, Rochester": [
        43.252136,
        -77.698183
    ],
    "1175 Marketplace Drive, Rochester": [
        43.0804418,
        -77.626044
    ],
    "1885 Brighton Henrietta Town Line Road, Rochester": [
        43.0938148,
        -77.6276626
    ],
    "1200 University Avenue, Rochester": [
        43.1521005,
        -77.5691557
    ],
    "1601 Penfield Road, Rochester": [
        43.1333333,
        -77.4972222
    ],
    "3701 Mount Read Boulevard, Rochester": [
        43.226222,
        -77.660592
    ],
    "Rochester": [
        43.15657789999999,
        -77.6088465
    ],
    "125 East Main Street, Rochester": [
        43.1564621,
        -77.60823409999999
    ],
    "33 Corporate Woods, Rochester": [
        43.1064742,
        -77.6200447
    ],
    "1000 Genesee Street, Rochester": [
        43.1303679,
        -77.63560199999999
    ],
    "280 Clay Road, Rochester": [
        43.085704,
        -77.617119
    ],
    "800 Jefferson Road, Rochester": [
        43.087844,
        -77.61621699999999
    ],
    "1323 East Ridge Road, Rochester": [
        43.1974009,
        -77.58172549999999
    ],
    "1000 Linden Park, Rochester": [
        43.1261806,
        -77.4983208
    ],
    "4820 West Henrietta Road, Henrietta": [
        43.057583,
        -77.651776
    ],
    "2200 North Goodman Street, Rochester": [
        43.197657,
        -77.5760682
    ],
    "1111 Jefferson Road, Rochester": [
        43.08643009999999,
        -77.6075238
    ],
    "905 Lehigh Station Road, Henrietta": [
        43.0580134,
        -77.6503224
    ],
    "940 Jefferson Road, Rochester": [
        43.08766809999999,
        -77.61317249999999
    ],
    "400 Center Place Drive, Rochester": [
        43.2083703,
        -77.6723045
    ],
    "500 Center Place Drive, Rochester": [
        43.2093114,
        -77.67325280000001
    ],
    "26 Broadway, Rochester": [
        43.15579069999999,
        -77.6000052
    ],
    "2095 Hylan Drive, Rochester": [
        43.07285359999999,
        -77.6288903
    ],
    "1200 Brooks Avenue, Rochester": [
        43.1284819,
        -77.6626915
    ],
    "1890 West Ridge Road, Rochester": [
        43.20755760000001,
        -77.67723079999999
    ],
    "Irondequoit": [
        43.2133955,
        -77.5797226
    ],
    "709 S Clinton Ave, Rochester, NY 14620, United States": [
        43.1431454,
        -77.6002894
    ],
    "1687 Dewey Ave, Rochester, NY 14615, United States": [
        43.19824980000001,
        -77.6391812
    ],
    "1477 South Ave, Rochester, NY 14620, United States": [
        43.1266067,
        -77.61342239999999
    ],
    "480 W Main St, Rochester, NY 14608, United States": [
        43.1529617,
        -77.6255257
    ],
    "280 N Union St, Rochester, NY 14609, United States": [
        43.1682548,
        -77.58933929999999
    ],
    "480 Dewey Ave, Rochester, NY 14613, United States": [
        43.1734222,
        -77.6388065
    ],
    "1430 N Clinton Ave, Rochester, NY 14621, United States": [
        43.186084,
        -77.6134558
    ],
    "1383 Brighton Henrietta Town Line Rd, Rochester, NY 14623, United States": [
        43.0933179,
        -77.6422101
    ],
    "Henrietta, NY 14623, United States": [
        43.0906334,
        -77.6109833
    ],
    "Rochester, NY 14623, United States": [
        43.0857658,
        -77.6690389
    ],
    "50 Middle Rd, Henrietta, NY 14467, United States": [
        43.0669534,
        -77.6329063
    ],
    "1835 N Union St, Spencerport, NY 14559, United States": [
        43.21681570000001,
        -77.7931807
    ],
    "390 E Henrietta Rd Building D, Rochester, NY 14620, United States": [
        43.11324159999999,
        -77.6157593
    ],
    "772 Monroe Ave, Rochester, NY 14607, United States": [
        43.1431859,
        -77.5875959
    ],
    "1716 Portland Ave, Rochester, NY 14617, United States": [
        43.1983042,
        -77.5843596
    ],
    "10 Deep Rock Rd, Rochester, NY 14624, United States": [
        43.12938510000001,
        -77.6787867
    ],
    "117 Lomb Memorial Dr #23a, Rochester, NY 14623, United States": [
        43.0842043,
        -77.6720897
    ],
    "400 Red Creek Dr #220, Rochester, NY 14623, United States": [
        43.0650616,
        -77.63125450000001
    ],
    "3800 W Henrietta Rd, Rochester, NY 14623, United States": [
        43.0780194,
        -77.64090929999999
    ],
    "530 White Spruce Blvd, Rochester, NY 14623, United States": [
        43.1023601,
        -77.6177407
    ],
    "400 White Spruce Blvd Suite A, Rochester, NY 14623, United States": [
        43.1029238,
        -77.61748469999999
    ],
    "369 White Spruce Blvd, Rochester, NY 14623, United States": [
        43.1038546,
        -77.61771320000001
    ],
    "919 Westfall Rd Ste 205, Bldg A, Rochester, NY 14618, United States": [
        43.1146707,
        -77.59637649999999
    ],
    "5300 W Ridge Rd, Spencerport, NY 14559, United States": [
        43.2201411,
        -77.81802549999999
    ],
    "620 Jefferson Rd, Rochester, NY 14623, United States": [
        43.0875692,
        -77.62646509999999
    ],
    "305 Miracle Mile Dr, Rochester, NY 14623, United States": [
        43.08270460000001,
        -77.634868
    ],
    "601 Elmwood Ave, Rochester, NY 14642, United States": [
        43.121882,
        -77.62555499999999
    ],
    "1325 Hudson Ave, Rochester, NY 14621, United States": [
        43.1902552,
        -77.6001369
    ],
    "275 East Ave, Rochester, NY 14604, United States": [
        43.1555753,
        -77.5969951
    ],
    "1356 Lyell Ave, Rochester, NY 14606, United States": [
        43.16509569999999,
        -77.66118449999999
    ],
    "1337 N Goodman St, Rochester, NY 14609, United States": [
        43.1792768,
        -77.5761236
    ],
    "626 W Main St, Rochester, NY 14611, United States": [
        43.1519477,
        -77.6294798
    ],
    "537 State St, Rochester, NY 14608, United States": [
        43.1640261,
        -77.62298179999999
    ],
    "111 Orange St, Rochester, NY 14611, United States": [
        43.1582658,
        -77.6292045
    ],
    "639 Lake Ave, Rochester, NY 14613, United States": [
        43.1765482,
        -77.63073410000001
    ],
    "1175 Marketplace Dr, Rochester, NY 14623, United States": [
        43.0804423,
        -77.6258735
    ],
    "311 East Ridge Road, Rochester, NY 14621, United States": [
        43.1945011,
        -77.6099603
    ],
    "367 Lyell Ave, Rochester, NY 14606, United States": [
        43.1644997,
        -77.6352398
    ],
    "1415 N Clinton Ave, Rochester, NY 14621, United States": [
        43.1854453,
        -77.61462639999999
    ],