{
    "1028 Norton St, Rochester": [
        43.1872371,
        -77.595202
    ],
    "1865 Clifford Ave, Rochester": [
        43.1758181,
        -77.57173929999999
    ],
    "920 Glide St, Rochester": [
        43.1698807,
        -77.65386819999999
    ],
    "340 Conkey Ave, Rochester": [
        43.1801651,
        -77.6198541
    ],
    "334 Hudson Ave, Rochester": [
        43.1699127,
        -77.6010652
    ],
    "227 Bay St, Rochester": [
        43.1707101,
        -77.58801869999999
    ],
    "488 Joseph Ave, Rochester": [
        43.1728875,
        -77.6074026
    ],
    "83 Conkey Ave, Rochester": [
        43.1748102,
        -77.61975140000001
    ],
    "460 Genesee St, Rochester": [
        43.141146,
        -77.63570109999999
    ],
    "336 Scio St, Rochester": [
        43.1629681,
        -77.5965647
    ],
    "670 Jay St, Rochester": [
        43.1595173,
        -77.6385201
    ],
    "501 Dewey Ave, Rochester": [
        43.1736617,
        -77.6394667
    ],
    "480 Dewey Ave, Rochester": [
        43.1734222,
        -77.6388065
    ],
    "521 Chili Ave # A, Rochester": [
        43.1453298,
        -77.6506153
    ],
    "1057 Genesee St, Rochester": [
        43.1293409,
        -77.637102
    ],
    "1930 Clifford Ave, Rochester": [
        43.1761465,
        -77.5699719
    ],
    "4660 Dewey Ave, Rochester": [
        43.2634035,
        -77.64614019999999
    ],
    "1688 Clifford Ave, Rochester": [
        43.17590089999999,
        -77.5766068
    ],
    "675 S Plymouth Ave, Rochester": [
        43.1425049,
        -77.6196272
    ],
    "6 Durnan St, Rochester": [
        43.1821647,
        -77.5991324
    ]
}